时间,NOx浓度,喷氨量,整点标记
2025-07-11 10:00:00,21.665512,0.0,1
2025-07-11 10:01:00,22.337816,0.156267,0
2025-07-11 10:02:00,23.850817,0.296667,0
2025-07-11 10:03:00,24.874716,0.471167,0
2025-07-11 10:04:00,25.863314,0.167467,0
2025-07-11 10:05:00,25.809511,0.0,0
2025-07-11 10:06:00,25.328615,0.421667,0
2025-07-11 10:07:00,25.970211,0.166467,0
2025-07-11 10:08:00,25.11001,0.537767,0
2025-07-11 10:09:00,25.859612,2.504567,0
2025-07-11 10:10:00,26.780806,0.0,0
2025-07-11 10:11:00,27.088001,0.226566,0
2025-07-11 10:12:00,28.437805,0.376066,0
2025-07-11 10:13:00,28.66301,0.0,0
2025-07-11 10:14:00,28.702209,0.340967,0
2025-07-11 10:15:00,27.429184,0.456019,0
2025-07-11 10:16:00,26.385881,0.527019,0
2025-07-11 10:17:00,28.901783,0.261919,0
2025-07-11 10:18:00,29.135689,0.0,0
2025-07-11 10:19:00,29.52659,0.077519,0
2025-07-11 10:20:00,30.898088,0.457319,0
2025-07-11 10:21:00,30.107288,0.343219,0
2025-07-11 10:22:00,31.101686,0.0,0
2025-07-11 10:23:00,29.994995,0.571619,0
2025-07-11 10:24:00,28.029491,0.0,0
2025-07-11 10:25:00,26.689589,0.26242,0
2025-07-11 10:26:00,26.743488,0.52562,0
2025-07-11 10:27:00,26.565887,0.0,0
2025-07-11 10:28:00,26.24509,0.0,0
2025-07-11 10:29:00,28.133194,0.33052,0
2025-07-11 10:30:00,28.63341,0.20287,0
2025-07-11 10:31:00,29.14081,0.0,0
2025-07-11 10:32:00,29.30051,0.0,0
2025-07-11 10:33:00,29.482613,0.0,0
2025-07-11 10:34:00,29.73381,0.0,0
2025-07-11 10:35:00,30.284216,3.00327,0
2025-07-11 10:36:00,30.600412,0.0,0
2025-07-11 10:37:00,32.686813,0.203271,0
2025-07-11 10:38:00,34.215721,0.458271,0
2025-07-11 10:39:00,35.364517,0.0,0
2025-07-11 10:40:00,34.265316,0.460271,0
2025-07-11 10:41:00,35.229813,2.353071,0
2025-07-11 10:42:00,38.454819,0.469571,0
2025-07-11 10:43:00,39.967907,0.341271,0
2025-07-11 10:44:00,40.3964,0.412371,0
2025-07-11 10:45:00,21.773607,0.0,0
2025-07-11 10:46:00,35.783802,0.0,0
2025-07-11 10:47:00,37.114513,0.422293,0
2025-07-11 10:48:00,37.08292,0.168093,0
2025-07-11 10:49:00,35.865421,0.0,0
2025-07-11 10:50:00,35.333214,0.422393,0
2025-07-11 10:51:00,37.347935,0.086693,0
2025-07-11 10:52:00,40.507114,3.155992,0
2025-07-11 10:53:00,44.371418,0.538692,0
2025-07-11 10:54:00,44.766617,0.373392,0
2025-07-11 10:55:00,44.390709,0.015892,0
2025-07-11 10:56:00,43.243919,0.039592,0
2025-07-11 10:57:00,43.016624,0.340092,0
2025-07-11 10:58:00,42.697731,0.155092,0
2025-07-11 10:59:00,42.83353,0.0,0
2025-07-11 11:00:00,43.728298,0.445,1
2025-07-11 11:01:00,45.245007,97.286098,0
2025-07-11 11:02:00,44.986809,110.085794,0
2025-07-11 11:03:00,45.641495,160.399909,0
2025-07-11 11:04:00,46.927193,163.955508,0
2025-07-11 11:05:00,45.231781,163.839241,0
2025-07-11 11:06:00,44.071583,167.657415,0
2025-07-11 11:07:00,45.597988,167.735324,0
2025-07-11 11:08:00,48.838192,168.848738,0
2025-07-11 11:09:00,50.0947,274.392351,0
2025-07-11 11:10:00,49.86599,300.038853,0
2025-07-11 11:11:00,49.677994,296.775537,0
2025-07-11 11:12:00,46.912605,295.108541,0
2025-07-11 11:13:00,45.061512,357.724898,0
2025-07-11 11:14:00,40.420406,355.523549,0
2025-07-11 11:15:00,37.440716,355.837109,0
2025-07-11 11:16:00,38.882027,355.525178,0
2025-07-11 11:17:00,41.434021,354.762532,0
2025-07-11 11:18:00,39.917831,353.881154,0
2025-07-11 11:19:00,38.697235,355.188977,0
2025-07-11 11:20:00,37.08123,354.415194,0
2025-07-11 11:21:00,35.147335,356.150909,0
2025-07-11 11:22:00,32.961128,355.307735,0
2025-07-11 11:23:00,31.78101,352.517145,0
2025-07-11 11:24:00,32.079819,355.954893,0
2025-07-11 11:25:00,33.599209,356.74418,0
2025-07-11 11:26:00,34.602509,230.436003,0
2025-07-11 11:27:00,36.079407,232.58612,0
2025-07-11 11:28:00,33.491199,230.965666,0
2025-07-11 11:29:00,33.966507,172.805415,0
2025-07-11 11:30:00,33.367287,172.584265,0
2025-07-11 11:31:00,32.712982,170.954053,0
2025-07-11 11:32:00,31.45779,172.564433,0
2025-07-11 11:33:00,33.439182,170.699038,0
2025-07-11 11:34:00,36.440273,172.366888,0
2025-07-11 11:35:00,38.478363,108.859475,0
2025-07-11 11:36:00,38.700863,110.456097,0
2025-07-11 11:37:00,38.199375,110.503699,0
2025-07-11 11:38:00,38.552261,109.854505,0
2025-07-11 11:39:00,37.568172,111.409386,0
2025-07-11 11:40:00,36.564358,113.997384,0
2025-07-11 11:41:00,35.381458,113.917091,0
2025-07-11 11:42:00,34.743355,117.981483,0
2025-07-11 11:43:00,36.020836,118.466912,0
2025-07-11 11:44:00,36.048439,117.620303,0
2025-07-11 11:45:00,21.362013,118.131481,0
2025-07-11 11:46:00,36.958412,116.719663,0
2025-07-11 11:47:00,36.436314,116.927169,0
2025-07-11 11:48:00,34.799213,117.342386,0
2025-07-11 11:49:00,33.674114,118.384312,0
2025-07-11 11:50:00,31.661005,117.112103,0
2025-07-11 11:51:00,31.286608,5.317018,0
2025-07-11 11:52:00,30.569815,0.154918,0
2025-07-11 11:53:00,32.822502,0.019418,0
2025-07-11 11:54:00,36.828304,0.378618,0
2025-07-11 11:55:00,38.947304,0.375218,0
2025-07-11 11:56:00,40.535217,0.166718,0
2025-07-11 11:57:00,41.28653,0.167718,0
2025-07-11 11:58:00,39.286938,0.308918,0
2025-07-11 11:59:00,38.432938,0.398918,0
2025-07-11 12:00:00,37.188129,0.342037,1
2025-07-11 12:01:00,37.235329,0.456437,0
2025-07-11 12:02:00,37.40551,0.0,0
2025-07-11 12:03:00,40.065315,0.0,0
2025-07-11 12:04:00,42.216923,0.054537,0
2025-07-11 12:05:00,45.201618,0.085837,0
2025-07-11 12:06:00,48.509415,97.459439,0
2025-07-11 12:07:00,48.7939,99.959324,0
2025-07-11 12:08:00,47.347694,158.512601,0
2025-07-11 12:09:00,44.008198,163.594932,0
2025-07-11 12:10:00,40.245304,164.370338,0
2025-07-11 12:11:00,41.183411,167.008261,0
2025-07-11 12:12:00,46.273022,168.904522,0
2025-07-11 12:13:00,48.754425,171.440814,0
2025-07-11 12:14:00,49.263226,167.504687,0
2025-07-11 12:15:00,47.459408,168.642966,0
2025-07-11 12:16:00,46.844902,167.425558,0
2025-07-11 12:17:00,45.027206,171.255367,0
2025-07-11 12:18:00,42.052498,172.101661,0
2025-07-11 12:19:00,36.250896,170.224931,0
2025-07-11 12:20:00,34.405891,171.695525,0
2025-07-11 12:21:00,38.082794,170.956787,0
2025-07-11 12:22:00,42.327,171.337499,0
2025-07-11 12:23:00,43.312099,169.680756,0
2025-07-11 12:24:00,42.504589,172.160039,0
2025-07-11 12:25:00,41.181305,170.27318,0
2025-07-11 12:26:00,39.851299,168.652981,0
2025-07-11 12:27:00,36.312588,169.001009,0
2025-07-11 12:28:00,34.606194,168.016498,0
2025-07-11 12:29:00,36.164192,168.514503,0
2025-07-11 12:30:00,40.983543,166.927962,0
2025-07-11 12:31:00,42.942047,167.679851,0
2025-07-11 12:32:00,43.754963,167.505936,0
2025-07-11 12:33:00,43.563873,166.277138,0
2025-07-11 12:34:00,40.381081,166.846284,0
2025-07-11 12:35:00,36.520699,164.299573,0
2025-07-11 12:36:00,33.603294,111.973234,0
2025-07-11 12:37:00,31.612301,106.104417,0
2025-07-11 12:38:00,33.463005,103.861923,0
2025-07-11 12:39:00,36.826,103.885341,0
2025-07-11 12:40:00,38.822395,104.726565,0
2025-07-11 12:41:00,42.392483,105.121121,0
2025-07-11 12:42:00,43.443283,107.42455,0
2025-07-11 12:43:00,41.449688,106.022723,0
2025-07-11 12:44:00,39.626297,107.461326,0
2025-07-11 12:45:00,19.188753,110.133423,0
2025-07-11 12:46:00,36.319859,108.464736,0
2025-07-11 12:47:00,40.293564,107.541432,0
2025-07-11 12:48:00,44.293171,108.802314,0
2025-07-11 12:49:00,48.710278,111.835939,0
2025-07-11 12:50:00,50.688187,234.565753,0
2025-07-11 12:51:00,49.085785,353.560103,0
2025-07-11 12:52:00,43.060482,355.607635,0
2025-07-11 12:53:00,42.950195,358.176193,0
2025-07-11 12:54:00,47.910599,358.014661,0
2025-07-11 12:55:00,55.452396,359.229318,0
2025-07-11 12:56:00,59.421406,358.534569,0
2025-07-11 12:57:00,56.328613,357.020364,0
2025-07-11 12:58:00,50.4883,354.090694,0
2025-07-11 12:59:00,45.971603,353.231888,0
2025-07-11 13:00:00,41.327263,352.266125,1
2025-07-11 13:01:00,37.459873,352.551932,0
2025-07-11 13:02:00,35.000767,351.371351,0
2025-07-11 13:03:00,34.03957,352.781585,0
2025-07-11 13:04:00,35.121479,350.54759,0
2025-07-11 13:05:00,36.965969,349.379967,0
2025-07-11 13:06:00,40.879971,348.246542,0
2025-07-11 13:07:00,45.029762,352.077627,0
2025-07-11 13:08:00,44.318668,350.502314,0
2025-07-11 13:09:00,42.787769,350.03011,0
2025-07-11 13:10:00,41.220669,352.064944,0
2025-07-11 13:11:00,38.860065,352.207474,0
2025-07-11 13:12:00,38.967747,352.435945,0
2025-07-11 13:13:00,42.296131,354.496286,0
2025-07-11 13:14:00,44.012939,351.602545,0
2025-07-11 13:15:00,47.787804,351.995723,0
2025-07-11 13:16:00,46.37809,353.163785,0
2025-07-11 13:17:00,45.389984,351.753545,0
2025-07-11 13:18:00,43.455906,351.336958,0
2025-07-11 13:19:00,38.053604,350.388914,0
2025-07-11 13:20:00,38.071796,348.861856,0
2025-07-11 13:21:00,41.274796,346.636492,0
2025-07-11 13:22:00,44.453987,346.362051,0
2025-07-11 13:23:00,46.552387,345.374356,0
2025-07-11 13:24:00,47.589989,500.190498,0
2025-07-11 13:25:00,45.84898,500.097355,0
2025-07-11 13:26:00,43.001884,500.816781,0
2025-07-11 13:27:00,39.123497,500.018227,0
2025-07-11 13:28:00,36.563297,500.398507,0
2025-07-11 13:29:00,37.074692,500.330741,0
2025-07-11 13:30:00,37.78727,500.584168,0
2025-07-11 13:31:00,39.952763,499.95962,0
2025-07-11 13:32:00,41.945351,500.190874,0
2025-07-11 13:33:00,42.759037,499.892462,0
2025-07-11 13:34:00,39.677723,500.065121,0
2025-07-11 13:35:00,34.192715,499.973292,0
2025-07-11 13:36:00,34.12912,500.342914,0
2025-07-11 13:37:00,34.850327,500.667324,0
2025-07-11 13:38:00,36.170403,500.562729,0
2025-07-11 13:39:00,37.5872,500.321656,0
2025-07-11 13:40:00,38.584908,499.869893,0
2025-07-11 13:41:00,37.847111,500.400564,0
2025-07-11 13:42:00,35.491619,500.654294,0
2025-07-11 13:43:00,34.665119,500.551254,0
2025-07-11 13:44:00,34.145908,500.574448,0
2025-07-11 13:45:00,16.171278,500.329159,0
2025-07-11 13:46:00,29.404081,500.329359,0
2025-07-11 13:47:00,31.947178,500.283911,0
2025-07-11 13:48:00,33.39608,499.738758,0
2025-07-11 13:49:00,33.844284,499.77502,0
2025-07-11 13:50:00,31.596674,500.43338,0
2025-07-11 13:51:00,29.79838,500.663912,0
2025-07-11 13:52:00,29.72908,500.364339,0
2025-07-11 13:53:00,29.169979,500.630257,0
2025-07-11 13:54:00,27.738274,348.027596,0
2025-07-11 13:55:00,28.868971,347.076591,0
2025-07-11 13:56:00,30.56447,347.064094,0
2025-07-11 13:57:00,31.924065,345.246569,0
2025-07-11 13:58:00,32.989258,343.04802,0
2025-07-11 13:59:00,33.487858,343.51188,0
2025-07-11 14:00:00,33.988091,343.849812,1
